Links ID,Mean latency increase,isolated network,isolated routers
"['6569f30442e7f25d7a592667', '6569f30442e7f25d7a592664', '6569f30442e7f25d7a592667']",60.0,4,13
"['6569f30442e7f25d7a592664', '6569f30442e7f25d7a592667', '6569f30442e7f25d7a592664']",45.0,4,13
"['6569f30442e7f25d7a592669', '6569f30442e7f25d7a592666', '6569f30442e7f25d7a592669']",40.0,4,13
"['6569f30442e7f25d7a592666', '6569f30442e7f25d7a592669', '6569f30442e7f25d7a592666']",26.66666666666667,4,13
"['6569f30442e7f25d7a592666', '6569f30442e7f25d7a592669']",0.0,4,13
"['6569f30442e7f25d7a592664', '6569f30442e7f25d7a592667']",0.0,4,13
"['6569f30442e7f25d7a592666', '6569f30442e7f25d7a592669', '6569f30442e7f25d7a592663']",0.0,4,13
"['6569f30442e7f25d7a592664', '6569f30442e7f25d7a592663', '6569f30442e7f25d7a592667']",0.0,4,13
"['6569f30442e7f25d7a592668', '6569f30442e7f25d7a592666', '6569f30442e7f25d7a592669']",120.0,4,12
"['6569f30442e7f25d7a592668', '6569f30442e7f25d7a592664', '6569f30442e7f25d7a592667']",120.0,4,12
"['6569f30442e7f25d7a592666', '6569f30442e7f25d7a592665', '6569f30442e7f25d7a592669']",77.5,4,12
"['6569f30442e7f25d7a592666', '6569f30442e7f25d7a592669', '6569f30442e7f25d7a592668']",77.5,4,12
"['6569f30442e7f25d7a592665', '6569f30442e7f25d7a592664', '6569f30442e7f25d7a592667']",77.5,4,12
"['6569f30442e7f25d7a592664', '6569f30442e7f25d7a592668', '6569f30442e7f25d7a592667']",77.5,4,12
"['6569f30442e7f25d7a592667', '6569f30442e7f25d7a592666', '6569f30442e7f25d7a592669']",45.0,4,12
"['6569f30442e7f25d7a592666', '6569f30442e7f25d7a592669', '6569f30442e7f25d7a592664']",45.0,4,12
"['6569f30442e7f25d7a592666', '6569f30442e7f25d7a592664', '6569f30442e7f25d7a592669']",32.5,4,12
"['6569f30442e7f25d7a592669', '6569f30442e7f25d7a592664', '6569f30442e7f25d7a592667']",30.0,4,12
"['6569f30442e7f25d7a592664', '6569f30442e7f25d7a592667', '6569f30442e7f25d7a592666']",30.0,4,12
"['6569f30442e7f25d7a592666', '6569f30442e7f25d7a592664', '6569f30442e7f25d7a592667']",17.5,4,12
"['6569f30442e7f25d7a592666', '6569f30442e7f25d7a592669', '6569f30442e7f25d7a592667']",17.5,4,12
"['6569f30442e7f25d7a592669', '6569f30442e7f25d7a592668', '6569f30442e7f25d7a592667']",0.0,4,12
"['6569f30442e7f25d7a592666', '6569f30442e7f25d7a592663', '6569f30442e7f25d7a592669']",0.0,4,12
"['6569f30442e7f25d7a592666', '6569f30442e7f25d7a592669', '6569f30442e7f25d7a592665']",0.0,4,12
"['6569f30442e7f25d7a592664', '6569f30442e7f25d7a592667', '6569f30442e7f25d7a592665']",0.0,4,12
"['6569f30442e7f25d7a592664', '6569f30442e7f25d7a592667', '6569f30442e7f25d7a592663']",0.0,4,12
"['6569f30442e7f25d7a592666', '6569f30442e7f25d7a592665', '6569f30442e7f25d7a592664']",0.0,4,12
"['6569f30442e7f25d7a592664', '6569f30442e7f25d7a592669', '6569f30442e7f25d7a592667']",-2.5,4,12
"['6569f30442e7f25d7a592669', '6569f30442e7f25d7a592668', '6569f30442e7f25d7a592664']",0.0,3,8
"['6569f30442e7f25d7a592668', '6569f30442e7f25d7a592667', '6569f30442e7f25d7a592666']",0.0,3,8
"['6569f30442e7f25d7a592669', '6569f30442e7f25d7a592665', '6569f30442e7f25d7a592664']",0.0,3,8
"['6569f30442e7f25d7a592667', '6569f30442e7f25d7a592666', '6569f30442e7f25d7a592665']",0.0,3,8
"['6569f30442e7f25d7a592668', '6569f30442e7f25d7a592666', '6569f30442e7f25d7a592664']",0.0,2,4
"['6569f30442e7f25d7a592669', '6569f30442e7f25d7a592667', '6569f30442e7f25d7a592665']",0.0,2,4
"['6569f30442e7f25d7a592668', '6569f30442e7f25d7a592665', '6569f30442e7f25d7a592665']",77.5,1,1
"['6569f30442e7f25d7a592668', '6569f30442e7f25d7a592668', '6569f30442e7f25d7a592665']",77.5,1,1
"['6569f30442e7f25d7a592668', '6569f30442e7f25d7a592667', '6569f30442e7f25d7a592665']",60.0,1,1
"['6569f30442e7f25d7a592668', '6569f30442e7f25d7a592665', '6569f30442e7f25d7a592664']",60.0,1,1
"['6569f30442e7f25d7a592668', '6569f30442e7f25d7a592667', '6569f30442e7f25d7a592665']",47.5,1,1
"['6569f30442e7f25d7a592668', '6569f30442e7f25d7a592664', '6569f30442e7f25d7a592665']",42.5,1,1
"['6569f30442e7f25d7a592669', '6569f30442e7f25d7a592668', '6569f30442e7f25d7a592665']",40.0,1,1
"['6569f30442e7f25d7a592668', '6569f30442e7f25d7a592666', '6569f30442e7f25d7a592665']",40.0,1,1
"['6569f30442e7f25d7a592668', '6569f30442e7f25d7a592669', '6569f30442e7f25d7a592665']",27.5,1,1
"['6569f30442e7f25d7a592668', '6569f30442e7f25d7a592666', '6569f30442e7f25d7a592665']",24.16666666666667,1,1
"['6569f30442e7f25d7a592666', '6569f30442e7f25d7a592665', '6569f30442e7f25d7a592664']",17.5,1,1
"['6569f30442e7f25d7a592668', '6569f30442e7f25d7a592665']",0.0,1,1
"['6569f30442e7f25d7a592668', '6569f30442e7f25d7a592663', '6569f30442e7f25d7a592665']",0.0,1,1
"['6569f30442e7f25d7a592668', '6569f30442e7f25d7a592665', '6569f30442e7f25d7a592663']",0.0,1,1
"['6569f30442e7f25d7a592669', '6569f30442e7f25d7a592666', '6569f30442e7f25d7a592663']",-13.333333333333329,1,1
"['6569f30442e7f25d7a592667', '6569f30442e7f25d7a592663', '6569f30442e7f25d7a592664']",-14.999999999999996,1,1
"['6569f30442e7f25d7a592669', '6569f30442e7f25d7a592668', '6569f30442e7f25d7a592667']",-29.166666666666664,1,1
"['6569f30442e7f25d7a592668', '6569f30442e7f25d7a592667', '6569f30442e7f25d7a592665']",387.5,0,0
"['6569f30442e7f25d7a592669', '6569f30442e7f25d7a592668', '6569f30442e7f25d7a592665']",367.5,0,0
"['6569f30442e7f25d7a592668', '6569f30442e7f25d7a592668', '6569f30442e7f25d7a592664']",352.5,0,0
"['6569f30442e7f25d7a592668', '6569f30442e7f25d7a592667', '6569f30442e7f25d7a592668']",342.5,0,0
"['6569f30442e7f25d7a592668', '6569f30442e7f25d7a592665', '6569f30442e7f25d7a592664']",340.0,0,0
"['6569f30442e7f25d7a592668', '6569f30442e7f25d7a592664', '6569f30442e7f25d7a592668']",340.0,0,0
"['6569f30442e7f25d7a592668', '6569f30442e7f25d7a592668', '6569f30442e7f25d7a592666']",334.1666666666667,0,0
"['6569f30442e7f25d7a592669', '6569f30442e7f25d7a592668', '6569f30442e7f25d7a592668']",327.5,0,0
"['6569f30442e7f25d7a592668', '6569f30442e7f25d7a592666', '6569f30442e7f25d7a592665']",321.6666666666667,0,0
"['6569f30442e7f25d7a592668', '6569f30442e7f25d7a592666', '6569f30442e7f25d7a592668']",321.6666666666667,0,0
"['6569f30442e7f25d7a592668', '6569f30442e7f25d7a592667', '6569f30442e7f25d7a592664']",312.5,0,0
"['6569f30442e7f25d7a592668', '6569f30442e7f25d7a592665', '6569f30442e7f25d7a592664']",307.5,0,0
"['6569f30442e7f25d7a592668', '6569f30442e7f25d7a592667', '6569f30442e7f25d7a592664']",305.0,0,0
"['6569f30442e7f25d7a592668', '6569f30442e7f25d7a592665']",297.5,0,0
"['6569f30442e7f25d7a592668', '6569f30442e7f25d7a592668']",297.5,0,0
"['6569f30442e7f25d7a592668', '6569f30442e7f25d7a592665', '6569f30442e7f25d7a592663']",297.5,0,0
"['6569f30442e7f25d7a592668', '6569f30442e7f25d7a592665', '6569f30442e7f25d7a592663']",297.5,0,0
"['6569f30442e7f25d7a592668', '6569f30442e7f25d7a592663', '6569f30442e7f25d7a592668']",297.5,0,0
"['6569f30442e7f25d7a592668', '6569f30442e7f25d7a592668', '6569f30442e7f25d7a592663']",297.5,0,0
"['6569f30442e7f25d7a592668', '6569f30442e7f25d7a592665', '6569f30442e7f25d7a592666']",294.1666666666667,0,0
"['6569f30442e7f25d7a592668', '6569f30442e7f25d7a592664', '6569f30442e7f25d7a592664']",287.5,0,0
"['6569f30442e7f25d7a592668', '6569f30442e7f25d7a592667', '6569f30442e7f25d7a592666']",286.6666666666667,0,0
"['6569f30442e7f25d7a592669', '6569f30442e7f25d7a592668', '6569f30442e7f25d7a592664']",285.0,0,0
"['6569f30442e7f25d7a592668', '6569f30442e7f25d7a592667']",280.0,0,0
"['6569f30442e7f25d7a592668', '6569f30442e7f25d7a592667', '6569f30442e7f25d7a592663']",280.0,0,0
"['6569f30442e7f25d7a592668', '6569f30442e7f25d7a592667', '6569f30442e7f25d7a592663']",280.0,0,0
"['6569f30442e7f25d7a592669', '6569f30442e7f25d7a592668', '6569f30442e7f25d7a592666']",277.5,0,0
"['6569f30442e7f25d7a592669', '6569f30442e7f25d7a592668', '6569f30442e7f25d7a592666']",266.6666666666667,0,0
"['6569f30442e7f25d7a592668', '6569f30442e7f25d7a592664']",262.5,0,0
"['6569f30442e7f25d7a592668', '6569f30442e7f25d7a592664', '6569f30442e7f25d7a592663']",262.5,0,0
"['6569f30442e7f25d7a592668', '6569f30442e7f25d7a592664', '6569f30442e7f25d7a592663']",262.5,0,0
"['6569f30442e7f25d7a592669', '6569f30442e7f25d7a592668']",260.0,0,0
"['6569f30442e7f25d7a592669', '6569f30442e7f25d7a592668', '6569f30442e7f25d7a592663']",260.0,0,0
"['6569f30442e7f25d7a592669', '6569f30442e7f25d7a592668', '6569f30442e7f25d7a592663']",260.0,0,0
"['6569f30442e7f25d7a592668', '6569f30442e7f25d7a592664', '6569f30442e7f25d7a592666']",259.1666666666667,0,0
"['6569f30442e7f25d7a592668', '6569f30442e7f25d7a592665', '6569f30442e7f25d7a592668']",255.0,0,0
"['6569f30442e7f25d7a592668', '6569f30442e7f25d7a592666', '6569f30442e7f25d7a592664']",254.16666666666669,0,0
"['6569f30442e7f25d7a592668', '6569f30442e7f25d7a592666', '6569f30442e7f25d7a592664']",251.66666666666666,0,0
"['6569f30442e7f25d7a592668', '6569f30442e7f25d7a592666', '6569f30442e7f25d7a592666']",250.83333333333337,0,0
"['6569f30442e7f25d7a592668', '6569f30442e7f25d7a592664']",245.0,0,0
"['6569f30442e7f25d7a592668', '6569f30442e7f25d7a592665', '6569f30442e7f25d7a592667']",245.0,0,0
"['6569f30442e7f25d7a592668', '6569f30442e7f25d7a592663', '6569f30442e7f25d7a592664']",245.0,0,0
"['6569f30442e7f25d7a592668', '6569f30442e7f25d7a592668', '6569f30442e7f25d7a592667']",245.0,0,0
"['6569f30442e7f25d7a592668', '6569f30442e7f25d7a592664', '6569f30442e7f25d7a592663']",245.0,0,0
"['6569f30442e7f25d7a592668', '6569f30442e7f25d7a592666']",244.16666666666669,0,0
"['6569f30442e7f25d7a592668', '6569f30442e7f25d7a592666', '6569f30442e7f25d7a592663']",244.16666666666669,0,0
"['6569f30442e7f25d7a592668', '6569f30442e7f25d7a592666', '6569f30442e7f25d7a592663']",244.16666666666669,0,0
"['6569f30442e7f25d7a592668', '6569f30442e7f25d7a592667', '6569f30442e7f25d7a592667']",227.5,0,0
"['6569f30442e7f25d7a592668', '6569f30442e7f25d7a592666']",226.66666666666669,0,0
"['6569f30442e7f25d7a592668', '6569f30442e7f25d7a592663', '6569f30442e7f25d7a592666']",226.66666666666669,0,0
"['6569f30442e7f25d7a592668', '6569f30442e7f25d7a592666', '6569f30442e7f25d7a592663']",226.66666666666669,0,0
['6569f30442e7f25d7a592668'],220.0,0,0
"['6569f30442e7f25d7a592668', '6569f30442e7f25d7a592663']",220.0,0,0
"['6569f30442e7f25d7a592668', '6569f30442e7f25d7a592663']",220.0,0,0
"['6569f30442e7f25d7a592668', '6569f30442e7f25d7a592663', '6569f30442e7f25d7a592663']",220.0,0,0
"['6569f30442e7f25d7a592667', '6569f30442e7f25d7a592665', '6569f30442e7f25d7a592664']",220.0,0,0
"['6569f30442e7f25d7a592668', '6569f30442e7f25d7a592665', '6569f30442e7f25d7a592669']",218.33333333333334,0,0
"['6569f30442e7f25d7a592668', '6569f30442e7f25d7a592669', '6569f30442e7f25d7a592668']",218.33333333333334,0,0
"['6569f30442e7f25d7a592667', '6569f30442e7f25d7a592665', '6569f30442e7f25d7a592667']",215.0,0,0
"['6569f30442e7f25d7a592667', '6569f30442e7f25d7a592665', '6569f30442e7f25d7a592665']",207.5,0,0
"['6569f30442e7f25d7a592667', '6569f30442e7f25d7a592665', '6569f30442e7f25d7a592666']",204.16666666666669,0,0
"['6569f30442e7f25d7a592668', '6569f30442e7f25d7a592667', '6569f30442e7f25d7a592664']",202.5,0,0
"['6569f30442e7f25d7a592669', '6569f30442e7f25d7a592668', '6569f30442e7f25d7a592667']",197.5,0,0
"['6569f30442e7f25d7a592669', '6569f30442e7f25d7a592665', '6569f30442e7f25d7a592664']",197.5,0,0
"['6569f30442e7f25d7a592664', '6569f30442e7f25d7a592668', '6569f30442e7f25d7a592664']",195.0,0,0
"['6569f30442e7f25d7a592668', '6569f30442e7f25d7a592666', '6569f30442e7f25d7a592667']",191.66666666666669,0,0
"['6569f30442e7f25d7a592668', '6569f30442e7f25d7a592667', '6569f30442e7f25d7a592666']",189.16666666666666,0,0
"['6569f30442e7f25d7a592667', '6569f30442e7f25d7a592665']",187.5,0,0
"['6569f30442e7f25d7a592669', '6569f30442e7f25d7a592665', '6569f30442e7f25d7a592665']",187.5,0,0
"['6569f30442e7f25d7a592667', '6569f30442e7f25d7a592665', '6569f30442e7f25d7a592663']",187.5,0,0
"['6569f30442e7f25d7a592667', '6569f30442e7f25d7a592665', '6569f30442e7f25d7a592663']",187.5,0,0
"['6569f30442e7f25d7a592668', '6569f30442e7f25d7a592667', '6569f30442e7f25d7a592669']",185.83333333333334,0,0
"['6569f30442e7f25d7a592669', '6569f30442e7f25d7a592666', '6569f30442e7f25d7a592665']",185.0,0,0
"['6569f30442e7f25d7a592669', '6569f30442e7f25d7a592665', '6569f30442e7f25d7a592667']",185.0,0,0
"['6569f30442e7f25d7a592665', '6569f30442e7f25d7a592667', '6569f30442e7f25d7a592665']",185.0,0,0
"['6569f30442e7f25d7a592668', '6569f30442e7f25d7a592664', '6569f30442e7f25d7a592669']",183.33333333333334,0,0
"['6569f30442e7f25d7a592669', '6569f30442e7f25d7a592668', '6569f30442e7f25d7a592664']",182.5,0,0
"['6569f30442e7f25d7a592668', '6569f30442e7f25d7a592665', '6569f30442e7f25d7a592664']",182.5,0,0
"['6569f30442e7f25d7a592669', '6569f30442e7f25d7a592668', '6569f30442e7f25d7a592669']",180.83333333333334,0,0
"['6569f30442e7f25d7a592667', '6569f30442e7f25d7a592668', '6569f30442e7f25d7a592666']",179.16666666666669,0,0
"['6569f30442e7f25d7a592668', '6569f30442e7f25d7a592669', '6569f30442e7f25d7a592664']",175.83333333333334,0,0
"['6569f30442e7f25d7a592667', '6569f30442e7f25d7a592665', '6569f30442e7f25d7a592669']",173.33333333333334,0,0
"['6569f30442e7f25d7a592665', '6569f30442e7f25d7a592664', '6569f30442e7f25d7a592664']",170.0,0,0
"['6569f30442e7f25d7a592668', '6569f30442e7f25d7a592667', '6569f30442e7f25d7a592664']",170.0,0,0
"['6569f30442e7f25d7a592669', '6569f30442e7f25d7a592665', '6569f30442e7f25d7a592669']",168.33333333333334,0,0
"['6569f30442e7f25d7a592669', '6569f30442e7f25d7a592665']",167.5,0,0
"['6569f30442e7f25d7a592668', '6569f30442e7f25d7a592667']",167.5,0,0
"['6569f30442e7f25d7a592669', '6569f30442e7f25d7a592665', '6569f30442e7f25d7a592663']",167.5,0,0
"['6569f30442e7f25d7a592669', '6569f30442e7f25d7a592665', '6569f30442e7f25d7a592663']",167.5,0,0
"['6569f30442e7f25d7a592668', '6569f30442e7f25d7a592663', '6569f30442e7f25d7a592667']",167.5,0,0
"['6569f30442e7f25d7a592668', '6569f30442e7f25d7a592667', '6569f30442e7f25d7a592663']",167.5,0,0
"['6569f30442e7f25d7a592664', '6569f30442e7f25d7a592668', '6569f30442e7f25d7a592666']",166.66666666666669,0,0
"['6569f30442e7f25d7a592669', '6569f30442e7f25d7a592664', '6569f30442e7f25d7a592668']",165.0,0,0
"['6569f30442e7f25d7a592668', '6569f30442e7f25d7a592667', '6569f30442e7f25d7a592665']",165.0,0,0
"['6569f30442e7f25d7a592668', '6569f30442e7f25d7a592669', '6569f30442e7f25d7a592666']",164.16666666666669,0,0
"['6569f30442e7f25d7a592666', '6569f30442e7f25d7a592668', '6569f30442e7f25d7a592664']",161.66666666666669,0,0
"['6569f30442e7f25d7a592668', '6569f30442e7f25d7a592666', '6569f30442e7f25d7a592665']",160.83333333333334,0,0
"['6569f30442e7f25d7a592665', '6569f30442e7f25d7a592664', '6569f30442e7f25d7a592665']",160.0,0,0
"['6569f30442e7f25d7a592666', '6569f30442e7f25d7a592668', '6569f30442e7f25d7a592666']",158.33333333333337,0,0
"['6569f30442e7f25d7a592665', '6569f30442e7f25d7a592665', '6569f30442e7f25d7a592664']",157.5,0,0
"['6569f30442e7f25d7a592667', '6569f30442e7f25d7a592666', '6569f30442e7f25d7a592668']",156.66666666666669,0,0
"['6569f30442e7f25d7a592665', '6569f30442e7f25d7a592667', '6569f30442e7f25d7a592666']",156.66666666666666,0,0
"['6569f30442e7f25d7a592667', '6569f30442e7f25d7a592664', '6569f30442e7f25d7a592668']",155.0,0,0
"['6569f30442e7f25d7a592668', '6569f30442e7f25d7a592664']",152.5,0,0
"['6569f30442e7f25d7a592669', '6569f30442e7f25d7a592667', '6569f30442e7f25d7a592668']",152.5,0,0
"['6569f30442e7f25d7a592663', '6569f30442e7f25d7a592668', '6569f30442e7f25d7a592664']",152.5,0,0
"['6569f30442e7f25d7a592668', '6569f30442e7f25d7a592664', '6569f30442e7f25d7a592663']",152.5,0,0
"['6569f30442e7f25d7a592667', '6569f30442e7f25d7a592668', '6569f30442e7f25d7a592667']",150.0,0,0
"['6569f30442e7f25d7a592666', '6569f30442e7f25d7a592665', '6569f30442e7f25d7a592667']",149.16666666666669,0,0
"['6569f30442e7f25d7a592669', '6569f30442e7f25d7a592667', '6569f30442e7f25d7a592664']",147.5,0,0
"['6569f30442e7f25d7a592667', '6569f30442e7f25d7a592667', '6569f30442e7f25d7a592665']",147.5,0,0
"['6569f30442e7f25d7a592665', '6569f30442e7f25d7a592664', '6569f30442e7f25d7a592666']",146.66666666666669,0,0
"['6569f30442e7f25d7a592665', '6569f30442e7f25d7a592669', '6569f30442e7f25d7a592665']",145.0,0,0
"['6569f30442e7f25d7a592665', '6569f30442e7f25d7a592667', '6569f30442e7f25d7a592664']",145.0,0,0
"['6569f30442e7f25d7a592666', '6569f30442e7f25d7a592664', '6569f30442e7f25d7a592668']",144.16666666666669,0,0
"['6569f30442e7f25d7a592665', '6569f30442e7f25d7a592666', '6569f30442e7f25d7a592664']",144.16666666666669,0,0
"['6569f30442e7f25d7a592669', '6569f30442e7f25d7a592664', '6569f30442e7f25d7a592664']",142.5,0,0
"['6569f30442e7f25d7a592667', '6569f30442e7f25d7a592668', '6569f30442e7f25d7a592665']",142.5,0,0
"['6569f30442e7f25d7a592666', '6569f30442e7f25d7a592665', '6569f30442e7f25d7a592665']",141.66666666666669,0,0
"['6569f30442e7f25d7a592668', '6569f30442e7f25d7a592669']",140.83333333333334,0,0
"['6569f30442e7f25d7a592668', '6569f30442e7f25d7a592663', '6569f30442e7f25d7a592669']",140.83333333333334,0,0
"['6569f30442e7f25d7a592668', '6569f30442e7f25d7a592669', '6569f30442e7f25d7a592663']",140.83333333333334,0,0
"['6569f30442e7f25d7a592665', '6569f30442e7f25d7a592664', '6569f30442e7f25d7a592669']",140.83333333333334,0,0
"['6569f30442e7f25d7a592665', '6569f30442e7f25d7a592666', '6569f30442e7f25d7a592665']",140.83333333333334,0,0
"['6569f30442e7f25d7a592665', '6569f30442e7f25d7a592664']",140.0,0,0
"['6569f30442e7f25d7a592665', '6569f30442e7f25d7a592664', '6569f30442e7f25d7a592663']",140.0,0,0
"['6569f30442e7f25d7a592665', '6569f30442e7f25d7a592664', '6569f30442e7f25d7a592663']",140.0,0,0
"['6569f30442e7f25d7a592664', '6569f30442e7f25d7a592668', '6569f30442e7f25d7a592665']",140.0,0,0
"['6569f30442e7f25d7a592666', '6569f30442e7f25d7a592665', '6569f30442e7f25d7a592666']",138.33333333333337,0,0
"['6569f30442e7f25d7a592665', '6569f30442e7f25d7a592669', '6569f30442e7f25d7a592664']",138.33333333333334,0,0
"['6569f30442e7f25d7a592666', '6569f30442e7f25d7a592665', '6569f30442e7f25d7a592664']",136.66666666666669,0,0
"['6569f30442e7f25d7a592669', '6569f30442e7f25d7a592665', '6569f30442e7f25d7a592664']",135.83333333333334,0,0
"['6569f30442e7f25d7a592667', '6569f30442e7f25d7a592665', '6569f30442e7f25d7a592664']",135.0,0,0
"['6569f30442e7f25d7a592668', '6569f30442e7f25d7a592666']",134.16666666666669,0,0
"['6569f30442e7f25d7a592663', '6569f30442e7f25d7a592668', '6569f30442e7f25d7a592666']",134.16666666666669,0,0
"['6569f30442e7f25d7a592668', '6569f30442e7f25d7a592666', '6569f30442e7f25d7a592663']",134.16666666666669,0,0
"['6569f30442e7f25d7a592669', '6569f30442e7f25d7a592668', '6569f30442e7f25d7a592666']",131.66666666666669,0,0
"['6569f30442e7f25d7a592666', '6569f30442e7f25d7a592668', '6569f30442e7f25d7a592667']",129.16666666666669,0,0
"['6569f30442e7f25d7a592667', '6569f30442e7f25d7a592667', '6569f30442e7f25d7a592666']",129.16666666666666,0,0
"['6569f30442e7f25d7a592665', '6569f30442e7f25d7a592664']",127.5,0,0
"['6569f30442e7f25d7a592669', '6569f30442e7f25d7a592667', '6569f30442e7f25d7a592666']",127.5,0,0
"['6569f30442e7f25d7a592669', '6569f30442e7f25d7a592668', '6569f30442e7f25d7a592665']",127.5,0,0
"['6569f30442e7f25d7a592665', '6569f30442e7f25d7a592663', '6569f30442e7f25d7a592664']",127.5,0,0
"['6569f30442e7f25d7a592665', '6569f30442e7f25d7a592664', '6569f30442e7f25d7a592663']",127.5,0,0
"['6569f30442e7f25d7a592667', '6569f30442e7f25d7a592666', '6569f30442e7f25d7a592664']",126.66666666666667,0,0
"['6569f30442e7f25d7a592665', '6569f30442e7f25d7a592669', '6569f30442e7f25d7a592667']",125.83333333333334,0,0
"['6569f30442e7f25d7a592665', '6569f30442e7f25d7a592667']",125.0,0,0
"['6569f30442e7f25d7a592669', '6569f30442e7f25d7a592666', '6569f30442e7f25d7a592668']",125.0,0,0
"['6569f30442e7f25d7a592669', '6569f30442e7f25d7a592668', '6569f30442e7f25d7a592667']",125.0,0,0
"['6569f30442e7f25d7a592665', '6569f30442e7f25d7a592663', '6569f30442e7f25d7a592667']",125.0,0,0
"['6569f30442e7f25d7a592665', '6569f30442e7f25d7a592667', '6569f30442e7f25d7a592663']",125.0,0,0
"['6569f30442e7f25d7a592669', '6569f30442e7f25d7a592668', '6569f30442e7f25d7a592665']",125.0,0,0
"['6569f30442e7f25d7a592667', '6569f30442e7f25d7a592668']",122.5,0,0
"['6569f30442e7f25d7a592667', '6569f30442e7f25d7a592663', '6569f30442e7f25d7a592668']",122.5,0,0
"['6569f30442e7f25d7a592667', '6569f30442e7f25d7a592668', '6569f30442e7f25d7a592663']",122.5,0,0
"['6569f30442e7f25d7a592667', '6569f30442e7f25d7a592665', '6569f30442e7f25d7a592664']",122.5,0,0
"['6569f30442e7f25d7a592666', '6569f30442e7f25d7a592668', '6569f30442e7f25d7a592665']",121.66666666666669,0,0
"['6569f30442e7f25d7a592666', '6569f30442e7f25d7a592665']",121.66666666666667,0,0
"['6569f30442e7f25d7a592667', '6569f30442e7f25d7a592666', '6569f30442e7f25d7a592667']",121.66666666666667,0,0
"['6569f30442e7f25d7a592666', '6569f30442e7f25d7a592665', '6569f30442e7f25d7a592663']",121.66666666666667,0,0
"['6569f30442e7f25d7a592666', '6569f30442e7f25d7a592665', '6569f30442e7f25d7a592663']",121.66666666666667,0,0
"['6569f30442e7f25d7a592667', '6569f30442e7f25d7a592666', '6569f30442e7f25d7a592666']",120.83333333333336,0,0
"['6569f30442e7f25d7a592664', '6569f30442e7f25d7a592669', '6569f30442e7f25d7a592668']",120.83333333333334,0,0
"['6569f30442e7f25d7a592664', '6569f30442e7f25d7a592668']",120.0,0,0
"['6569f30442e7f25d7a592669', '6569f30442e7f25d7a592667', '6569f30442e7f25d7a592665']",120.0,0,0
"['6569f30442e7f25d7a592667', '6569f30442e7f25d7a592666', '6569f30442e7f25d7a592665']",120.0,0,0
"['6569f30442e7f25d7a592667', '6569f30442e7f25d7a592665', '6569f30442e7f25d7a592664']",120.0,0,0
"['6569f30442e7f25d7a592664', '6569f30442e7f25d7a592663', '6569f30442e7f25d7a592668']",120.0,0,0
"['6569f30442e7f25d7a592664', '6569f30442e7f25d7a592668', '6569f30442e7f25d7a592663']",120.0,0,0
"['6569f30442e7f25d7a592665', '6569f30442e7f25d7a592665']",117.5,0,0
"['6569f30442e7f25d7a592669', '6569f30442e7f25d7a592667', '6569f30442e7f25d7a592667']",117.5,0,0
"['6569f30442e7f25d7a592669', '6569f30442e7f25d7a592664', '6569f30442e7f25d7a592665']",117.5,0,0
"['6569f30442e7f25d7a592669', '6569f30442e7f25d7a592667', '6569f30442e7f25d7a592665']",117.5,0,0
"['6569f30442e7f25d7a592665', '6569f30442e7f25d7a592663', '6569f30442e7f25d7a592665']",117.5,0,0
"['6569f30442e7f25d7a592665', '6569f30442e7f25d7a592665', '6569f30442e7f25d7a592663']",117.5,0,0
"['6569f30442e7f25d7a592664', '6569f30442e7f25d7a592665', '6569f30442e7f25d7a592664']",117.5,0,0
"['6569f30442e7f25d7a592669', '6569f30442e7f25d7a592666', '6569f30442e7f25d7a592664']",115.0,0,0
"['6569f30442e7f25d7a592669', '6569f30442e7f25d7a592665', '6569f30442e7f25d7a592664']",115.0,0,0
"['6569f30442e7f25d7a592667', '6569f30442e7f25d7a592666', '6569f30442e7f25d7a592665']",114.16666666666669,0,0
"['6569f30442e7f25d7a592665', '6569f30442e7f25d7a592666']",114.16666666666667,0,0
"['6569f30442e7f25d7a592665', '6569f30442e7f25d7a592663', '6569f30442e7f25d7a592666']",114.16666666666667,0,0
"['6569f30442e7f25d7a592665', '6569f30442e7f25d7a592666', '6569f30442e7f25d7a592663']",114.16666666666667,0,0
"['6569f30442e7f25d7a592667', '6569f30442e7f25d7a592666', '6569f30442e7f25d7a592665']",113.33333333333334,0,0
"['6569f30442e7f25d7a592667', '6569f30442e7f25d7a592664', '6569f30442e7f25d7a592665']",112.5,0,0
"['6569f30442e7f25d7a592666', '6569f30442e7f25d7a592667', '6569f30442e7f25d7a592665']",111.66666666666669,0,0
"['6569f30442e7f25d7a592665', '6569f30442e7f25d7a592669', '6569f30442e7f25d7a592666']",111.66666666666667,0,0
"['6569f30442e7f25d7a592667', '6569f30442e7f25d7a592664', '6569f30442e7f25d7a592666']",109.16666666666667,0,0
"['6569f30442e7f25d7a592669', '6569f30442e7f25d7a592669', '6569f30442e7f25d7a592668']",108.33333333333334,0,0
"['6569f30442e7f25d7a592667', '6569f30442e7f25d7a592669', '6569f30442e7f25d7a592668']",108.33333333333334,0,0
"['6569f30442e7f25d7a592669', '6569f30442e7f25d7a592668']",107.5,0,0
"['6569f30442e7f25d7a592669', '6569f30442e7f25d7a592663', '6569f30442e7f25d7a592668']",107.5,0,0
"['6569f30442e7f25d7a592669', '6569f30442e7f25d7a592668', '6569f30442e7f25d7a592663']",107.5,0,0
"['6569f30442e7f25d7a592668', '6569f30442e7f25d7a592667']",105.0,0,0
"['6569f30442e7f25d7a592665', '6569f30442e7f25d7a592663', '6569f30442e7f25d7a592668']",105.0,0,0
"['6569f30442e7f25d7a592665', '6569f30442e7f25d7a592668', '6569f30442e7f25d7a592663']",105.0,0,0
"['6569f30442e7f25d7a592663', '6569f30442e7f25d7a592668', '6569f30442e7f25d7a592667']",105.0,0,0
"['6569f30442e7f25d7a592668', '6569f30442e7f25d7a592667', '6569f30442e7f25d7a592663']",105.0,0,0
"['6569f30442e7f25d7a592669', '6569f30442e7f25d7a592665', '6569f30442e7f25d7a592666']",104.16666666666667,0,0
"['6569f30442e7f25d7a592664', '6569f30442e7f25d7a592666', '6569f30442e7f25d7a592664']",104.16666666666667,0,0
"['6569f30442e7f25d7a592667', '6569f30442e7f25d7a592666', '6569f30442e7f25d7a592664']",104.16666666666667,0,0
"['6569f30442e7f25d7a592666', '6569f30442e7f25d7a592668']",101.66666666666667,0,0
"['6569f30442e7f25d7a592666', '6569f30442e7f25d7a592663', '6569f30442e7f25d7a592668']",101.66666666666667,0,0
"['6569f30442e7f25d7a592666', '6569f30442e7f25d7a592668', '6569f30442e7f25d7a592663']",101.66666666666667,0,0
"['6569f30442e7f25d7a592668', '6569f30442e7f25d7a592667', '6569f30442e7f25d7a592666']",101.66666666666667,0,0
"['6569f30442e7f25d7a592669', '6569f30442e7f25d7a592667']",100.0,0,0
"['6569f30442e7f25d7a592669', '6569f30442e7f25d7a592667', '6569f30442e7f25d7a592663']",100.0,0,0
"['6569f30442e7f25d7a592669', '6569f30442e7f25d7a592667', '6569f30442e7f25d7a592663']",100.0,0,0
"['6569f30442e7f25d7a592667', '6569f30442e7f25d7a592668', '6569f30442e7f25d7a592664']",100.0,0,0
"['6569f30442e7f25d7a592665', '6569f30442e7f25d7a592669']",98.33333333333334,0,0
"['6569f30442e7f25d7a592669', '6569f30442e7f25d7a592664', '6569f30442e7f25d7a592669']",98.33333333333334,0,0
"['6569f30442e7f25d7a592665', '6569f30442e7f25d7a592663', '6569f30442e7f25d7a592669']",98.33333333333334,0,0
"['6569f30442e7f25d7a592665', '6569f30442e7f25d7a592669', '6569f30442e7f25d7a592663']",98.33333333333334,0,0
"['6569f30442e7f25d7a592664', '6569f30442e7f25d7a592669', '6569f30442e7f25d7a592664']",98.33333333333334,0,0
['6569f30442e7f25d7a592665'],97.5,0,0
"['6569f30442e7f25d7a592669', '6569f30442e7f25d7a592664']",97.5,0,0
"['6569f30442e7f25d7a592665', '6569f30442e7f25d7a592663']",97.5,0,0
"['6569f30442e7f25d7a592665', '6569f30442e7f25d7a592663']",97.5,0,0
"['6569f30442e7f25d7a592668', '6569f30442e7f25d7a592665']",97.5,0,0
"['6569f30442e7f25d7a592669', '6569f30442e7f25d7a592664', '6569f30442e7f25d7a592663']",97.5,0,0
"['6569f30442e7f25d7a592669', '6569f30442e7f25d7a592664', '6569f30442e7f25d7a592663']",97.5,0,0
"['6569f30442e7f25d7a592665', '6569f30442e7f25d7a592663', '6569f30442e7f25d7a592663']",97.5,0,0
"['6569f30442e7f25d7a592663', '6569f30442e7f25d7a592668', '6569f30442e7f25d7a592665']",97.5,0,0
"['6569f30442e7f25d7a592668', '6569f30442e7f25d7a592665', '6569f30442e7f25d7a592663']",97.5,0,0
"['6569f30442e7f25d7a592666', '6569f30442e7f25d7a592664', '6569f30442e7f25d7a592664']",96.66666666666667,0,0
"['6569f30442e7f25d7a592669', '6569f30442e7f25d7a592669', '6569f30442e7f25d7a592664']",95.83333333333334,0,0
"['6569f30442e7f25d7a592667', '6569f30442e7f25d7a592666']",94.16666666666667,0,0
"['6569f30442e7f25d7a592667', '6569f30442e7f25d7a592666', '6569f30442e7f25d7a592663']",94.16666666666667,0,0
"['6569f30442e7f25d7a592667', '6569f30442e7f25d7a592666', '6569f30442e7f25d7a592663']",94.16666666666667,0,0
"['6569f30442e7f25d7a592669', '6569f30442e7f25d7a592666', '6569f30442e7f25d7a592665']",93.33333333333334,0,0
"['6569f30442e7f25d7a592666', '6569f30442e7f25d7a592667', '6569f30442e7f25d7a592666']",93.33333333333334,0,0
"['6569f30442e7f25d7a592667', '6569f30442e7f25d7a592664']",92.5,0,0
"['6569f30442e7f25d7a592669', '6569f30442e7f25d7a592667', '6569f30442e7f25d7a592664']",92.5,0,0
"['6569f30442e7f25d7a592667', '6569f30442e7f25d7a592664', '6569f30442e7f25d7a592663']",92.5,0,0
"['6569f30442e7f25d7a592667', '6569f30442e7f25d7a592664', '6569f30442e7f25d7a592663']",92.5,0,0
"['6569f30442e7f25d7a592667', '6569f30442e7f25d7a592669', '6569f30442e7f25d7a592665']",92.5,0,0
"['6569f30442e7f25d7a592667', '6569f30442e7f25d7a592665', '6569f30442e7f25d7a592668']",90.0,0,0
"['6569f30442e7f25d7a592664', '6569f30442e7f25d7a592669', '6569f30442e7f25d7a592665']",90.0,0,0
"['6569f30442e7f25d7a592668', '6569f30442e7f25d7a592669', '6569f30442e7f25d7a592667']",88.33333333333334,0,0
"['6569f30442e7f25d7a592667', '6569f30442e7f25d7a592667']",87.5,0,0
"['6569f30442e7f25d7a592664', '6569f30442e7f25d7a592664']",87.5,0,0
"['6569f30442e7f25d7a592667', '6569f30442e7f25d7a592665']",87.5,0,0
"['6569f30442e7f25d7a592669', '6569f30442e7f25d7a592666', '6569f30442e7f25d7a592664']",87.5,0,0
"['6569f30442e7f25d7a592669', '6569f30442e7f25d7a592669', '6569f30442e7f25d7a592665']",87.5,0,0
"['6569f30442e7f25d7a592667', '6569f30442e7f25d7a592663', '6569f30442e7f25d7a592667']",87.5,0,0
"['6569f30442e7f25d7a592667', '6569f30442e7f25d7a592667', '6569f30442e7f25d7a592663']",87.5,0,0
"['6569f30442e7f25d7a592665', '6569f30442e7f25d7a592664', '6569f30442e7f25d7a592668']",87.5,0,0
"['6569f30442e7f25d7a592664', '6569f30442e7f25d7a592663', '6569f30442e7f25d7a592664']",87.5,0,0
"['6569f30442e7f25d7a592664', '6569f30442e7f25d7a592664', '6569f30442e7f25d7a592663']",87.5,0,0
"['6569f30442e7f25d7a592663', '6569f30442e7f25d7a592667', '6569f30442e7f25d7a592665']",87.5,0,0
"['6569f30442e7f25d7a592667', '6569f30442e7f25d7a592665', '6569f30442e7f25d7a592663']",87.5,0,0
"['6569f30442e7f25d7a592666', '6569f30442e7f25d7a592664', '6569f30442e7f25d7a592665']",86.66666666666669,0,0
"['6569f30442e7f25d7a592667', '6569f30442e7f25d7a592666']",86.66666666666667,0,0
"['6569f30442e7f25d7a592669', '6569f30442e7f25d7a592667', '6569f30442e7f25d7a592666']",86.66666666666667,0,0
"['6569f30442e7f25d7a592667', '6569f30442e7f25d7a592663', '6569f30442e7f25d7a592666']",86.66666666666667,0,0
"['6569f30442e7f25d7a592667', '6569f30442e7f25d7a592666', '6569f30442e7f25d7a592663']",86.66666666666667,0,0
"['6569f30442e7f25d7a592669', '6569f30442e7f25d7a592667', '6569f30442e7f25d7a592665']",85.83333333333334,0,0
"['6569f30442e7f25d7a592669', '6569f30442e7f25d7a592667', '6569f30442e7f25d7a592669']",85.83333333333334,0,0
"['6569f30442e7f25d7a592664', '6569f30442e7f25d7a592666', '6569f30442e7f25d7a592665']",85.83333333333334,0,0
"['6569f30442e7f25d7a592669', '6569f30442e7f25d7a592664']",85.0,0,0
"['6569f30442e7f25d7a592669', '6569f30442e7f25d7a592667', '6569f30442e7f25d7a592664']",85.0,0,0
"['6569f30442e7f25d7a592669', '6569f30442e7f25d7a592663', '6569f30442e7f25d7a592664']",85.0,0,0
"['6569f30442e7f25d7a592669', '6569f30442e7f25d7a592664', '6569f30442e7f25d7a592663']",85.0,0,0
"['6569f30442e7f25d7a592669', '6569f30442e7f25d7a592668', '6569f30442e7f25d7a592666']",84.16666666666667,0,0
"['6569f30442e7f25d7a592666', '6569f30442e7f25d7a592665', '6569f30442e7f25d7a592664']",84.16666666666667,0,0
"['6569f30442e7f25d7a592666', '6569f30442e7f25d7a592664', '6569f30442e7f25d7a592666']",83.33333333333334,0,0
"['6569f30442e7f25d7a592666', '6569f30442e7f25d7a592666', '6569f30442e7f25d7a592664']",80.83333333333334,0,0
"['6569f30442e7f25d7a592667', '6569f30442e7f25d7a592665']",80.0,0,0
"['6569f30442e7f25d7a592667', '6569f30442e7f25d7a592663', '6569f30442e7f25d7a592665']",80.0,0,0
"['6569f30442e7f25d7a592667', '6569f30442e7f25d7a592665', '6569f30442e7f25d7a592663']",80.0,0,0
"['6569f30442e7f25d7a592669', '6569f30442e7f25d7a592666', '6569f30442e7f25d7a592664']",79.16666666666667,0,0
"['6569f30442e7f25d7a592669', '6569f30442e7f25d7a592668']",78.33333333333334,0,0
"['6569f30442e7f25d7a592667', '6569f30442e7f25d7a592664', '6569f30442e7f25d7a592669']",78.33333333333334,0,0
"['6569f30442e7f25d7a592663', '6569f30442e7f25d7a592669', '6569f30442e7f25d7a592668']",78.33333333333334,0,0
"['6569f30442e7f25d7a592669', '6569f30442e7f25d7a592668', '6569f30442e7f25d7a592663']",78.33333333333334,0,0
['6569f30442e7f25d7a592668'],77.5,0,0
"['6569f30442e7f25d7a592663', '6569f30442e7f25d7a592668']",77.5,0,0
"['6569f30442e7f25d7a592668', '6569f30442e7f25d7a592663']",77.5,0,0
"['6569f30442e7f25d7a592669', '6569f30442e7f25d7a592666', '6569f30442e7f25d7a592665']",77.5,0,0
"['6569f30442e7f25d7a592667', '6569f30442e7f25d7a592664', '6569f30442e7f25d7a592664']",77.5,0,0
"['6569f30442e7f25d7a592666', '6569f30442e7f25d7a592666', '6569f30442e7f25d7a592665']",77.5,0,0
"['6569f30442e7f25d7a592663', '6569f30442e7f25d7a592668', '6569f30442e7f25d7a592663']",77.5,0,0
"['6569f30442e7f25d7a592669', '6569f30442e7f25d7a592668', '6569f30442e7f25d7a592664']",75.83333333333334,0,0
"['6569f30442e7f25d7a592665', '6569f30442e7f25d7a592664']",75.0,0,0
"['6569f30442e7f25d7a592669', '6569f30442e7f25d7a592666', '6569f30442e7f25d7a592667']",75.0,0,0
"['6569f30442e7f25d7a592669', '6569f30442e7f25d7a592665', '6569f30442e7f25d7a592668']",75.0,0,0
"['6569f30442e7f25d7a592665', '6569f30442e7f25d7a592668', '6569f30442e7f25d7a592664']",75.0,0,0
"['6569f30442e7f25d7a592663', '6569f30442e7f25d7a592665', '6569f30442e7f25d7a592664']",75.0,0,0
"['6569f30442e7f25d7a592665', '6569f30442e7f25d7a592664', '6569f30442e7f25d7a592663']",75.0,0,0
"['6569f30442e7f25d7a592667', '6569f30442e7f25d7a592669', '6569f30442e7f25d7a592667']",73.33333333333334,0,0
"['6569f30442e7f25d7a592669', '6569f30442e7f25d7a592667', '6569f30442e7f25d7a592664']",73.33333333333334,0,0
"['6569f30442e7f25d7a592665', '6569f30442e7f25d7a592668', '6569f30442e7f25d7a592667']",72.5,0,0
"['6569f30442e7f25d7a592666', '6569f30442e7f25d7a592664']",71.66666666666667,0,0
"['6569f30442e7f25d7a592669', '6569f30442e7f25d7a592664', '6569f30442e7f25d7a592666']",71.66666666666667,0,0
"['6569f30442e7f25d7a592669', '6569f30442e7f25d7a592666', '6569f30442e7f25d7a592664']",71.66666666666667,0,0
"['6569f30442e7f25d7a592667', '6569f30442e7f25d7a592666', '6569f30442e7f25d7a592664']",71.66666666666667,0,0
"['6569f30442e7f25d7a592666', '6569f30442e7f25d7a592667', '6569f30442e7f25d7a592664']",71.66666666666667,0,0
"['6569f30442e7f25d7a592663', '6569f30442e7f25d7a592666', '6569f30442e7f25d7a592664']",71.66666666666667,0,0
"['6569f30442e7f25d7a592666', '6569f30442e7f25d7a592664', '6569f30442e7f25d7a592663']",71.66666666666667,0,0
"['6569f30442e7f25d7a592669', '6569f30442e7f25d7a592666', '6569f30442e7f25d7a592665']",70.83333333333334,0,0
"['6569f30442e7f25d7a592667', '6569f30442e7f25d7a592666']",69.16666666666667,0,0
"['6569f30442e7f25d7a592667', '6569f30442e7f25d7a592669', '6569f30442e7f25d7a592666']",69.16666666666667,0,0
"['6569f30442e7f25d7a592666', '6569f30442e7f25d7a592665', '6569f30442e7f25d7a592668']",69.16666666666667,0,0
"['6569f30442e7f25d7a592663', '6569f30442e7f25d7a592667', '6569f30442e7f25d7a592666']",69.16666666666667,0,0
"['6569f30442e7f25d7a592667', '6569f30442e7f25d7a592666', '6569f30442e7f25d7a592663']",69.16666666666667,0,0
"['6569f30442e7f25d7a592666', '6569f30442e7f25d7a592664']",66.66666666666667,0,0
"['6569f30442e7f25d7a592667', '6569f30442e7f25d7a592666', '6569f30442e7f25d7a592664']",66.66666666666667,0,0
"['6569f30442e7f25d7a592666', '6569f30442e7f25d7a592664', '6569f30442e7f25d7a592663']",66.66666666666667,0,0
"['6569f30442e7f25d7a592666', '6569f30442e7f25d7a592664', '6569f30442e7f25d7a592663']",66.66666666666667,0,0
"['6569f30442e7f25d7a592669', '6569f30442e7f25d7a592667', '6569f30442e7f25d7a592666']",66.66666666666667,0,0
"['6569f30442e7f25d7a592665', '6569f30442e7f25d7a592668', '6569f30442e7f25d7a592665']",65.0,0,0
"['6569f30442e7f25d7a592664', '6569f30442e7f25d7a592665']",62.50000000000001,0,0
"['6569f30442e7f25d7a592664', '6569f30442e7f25d7a592663', '6569f30442e7f25d7a592665']",62.50000000000001,0,0
"['6569f30442e7f25d7a592664', '6569f30442e7f25d7a592665', '6569f30442e7f25d7a592663']",62.50000000000001,0,0
"['6569f30442e7f25d7a592667', '6569f30442e7f25d7a592664']",62.5,0,0
"['6569f30442e7f25d7a592667', '6569f30442e7f25d7a592667', '6569f30442e7f25d7a592664']",62.5,0,0
"['6569f30442e7f25d7a592663', '6569f30442e7f25d7a592667', '6569f30442e7f25d7a592664']",62.5,0,0
"['6569f30442e7f25d7a592667', '6569f30442e7f25d7a592664', '6569f30442e7f25d7a592663']",62.5,0,0
"['6569f30442e7f25d7a592665', '6569f30442e7f25d7a592668', '6569f30442e7f25d7a592666']",61.66666666666667,0,0
"['6569f30442e7f25d7a592669', '6569f30442e7f25d7a592665']",60.00000000000001,0,0
"['6569f30442e7f25d7a592669', '6569f30442e7f25d7a592663', '6569f30442e7f25d7a592665']",60.00000000000001,0,0
"['6569f30442e7f25d7a592669', '6569f30442e7f25d7a592665', '6569f30442e7f25d7a592663']",60.00000000000001,0,0
['6569f30442e7f25d7a592667'],60.0,0,0
"['6569f30442e7f25d7a592667', '6569f30442e7f25d7a592663']",60.0,0,0
"['6569f30442e7f25d7a592667', '6569f30442e7f25d7a592663']",60.0,0,0
"['6569f30442e7f25d7a592667', '6569f30442e7f25d7a592663', '6569f30442e7f25d7a592663']",60.0,0,0
"['6569f30442e7f25d7a592664', '6569f30442e7f25d7a592666']",59.16666666666667,0,0
"['6569f30442e7f25d7a592664', '6569f30442e7f25d7a592663', '6569f30442e7f25d7a592666']",59.16666666666667,0,0
"['6569f30442e7f25d7a592664', '6569f30442e7f25d7a592666', '6569f30442e7f25d7a592663']",59.16666666666667,0,0
"['6569f30442e7f25d7a592669', '6569f30442e7f25d7a592669', '6569f30442e7f25d7a592667']",58.333333333333336,0,0
"['6569f30442e7f25d7a592669', '6569f30442e7f25d7a592666']",57.5,0,0
"['6569f30442e7f25d7a592669', '6569f30442e7f25d7a592667']",57.5,0,0
"['6569f30442e7f25d7a592669', '6569f30442e7f25d7a592666', '6569f30442e7f25d7a592663']",57.5,0,0
"['6569f30442e7f25d7a592669', '6569f30442e7f25d7a592666', '6569f30442e7f25d7a592663']",57.5,0,0
"['6569f30442e7f25d7a592669', '6569f30442e7f25d7a592663', '6569f30442e7f25d7a592667']",57.5,0,0
"['6569f30442e7f25d7a592669', '6569f30442e7f25d7a592667', '6569f30442e7f25d7a592663']",57.5,0,0
"['6569f30442e7f25d7a592669', '6569f30442e7f25d7a592667', '6569f30442e7f25d7a592666']",56.66666666666667,0,0
"['6569f30442e7f25d7a592664', '6569f30442e7f25d7a592669', '6569f30442e7f25d7a592666']",56.66666666666667,0,0
"['6569f30442e7f25d7a592669', '6569f30442e7f25d7a592664']",55.833333333333336,0,0
"['6569f30442e7f25d7a592663', '6569f30442e7f25d7a592669', '6569f30442e7f25d7a592664']",55.833333333333336,0,0
"['6569f30442e7f25d7a592669', '6569f30442e7f25d7a592664', '6569f30442e7f25d7a592663']",55.833333333333336,0,0
"['6569f30442e7f25d7a592666', '6569f30442e7f25d7a592664']",54.16666666666667,0,0
"['6569f30442e7f25d7a592666', '6569f30442e7f25d7a592663', '6569f30442e7f25d7a592664']",54.16666666666667,0,0
"['6569f30442e7f25d7a592666', '6569f30442e7f25d7a592664', '6569f30442e7f25d7a592663']",54.16666666666667,0,0
"['6569f30442e7f25d7a592666', '6569f30442e7f25d7a592665']",53.333333333333336,0,0
"['6569f30442e7f25d7a592663', '6569f30442e7f25d7a592666', '6569f30442e7f25d7a592665']",53.333333333333336,0,0
"['6569f30442e7f25d7a592666', '6569f30442e7f25d7a592665', '6569f30442e7f25d7a592663']",53.333333333333336,0,0
"['6569f30442e7f25d7a592666', '6569f30442e7f25d7a592667']",51.66666666666667,0,0
"['6569f30442e7f25d7a592666', '6569f30442e7f25d7a592663', '6569f30442e7f25d7a592667']",51.66666666666667,0,0
"['6569f30442e7f25d7a592666', '6569f30442e7f25d7a592667', '6569f30442e7f25d7a592663']",51.66666666666667,0,0
"['6569f30442e7f25d7a592668', '6569f30442e7f25d7a592666', '6569f30442e7f25d7a592664']",51.66666666666667,0,0
"['6569f30442e7f25d7a592666', '6569f30442e7f25d7a592666']",50.83333333333334,0,0
"['6569f30442e7f25d7a592666', '6569f30442e7f25d7a592663', '6569f30442e7f25d7a592666']",50.83333333333334,0,0
"['6569f30442e7f25d7a592666', '6569f30442e7f25d7a592666', '6569f30442e7f25d7a592663']",50.83333333333334,0,0
"['6569f30442e7f25d7a592669', '6569f30442e7f25d7a592665']",47.50000000000001,0,0
"['6569f30442e7f25d7a592663', '6569f30442e7f25d7a592669', '6569f30442e7f25d7a592665']",47.50000000000001,0,0
"['6569f30442e7f25d7a592669', '6569f30442e7f25d7a592665', '6569f30442e7f25d7a592663']",47.50000000000001,0,0
"['6569f30442e7f25d7a592667', '6569f30442e7f25d7a592669']",45.833333333333336,0,0
"['6569f30442e7f25d7a592667', '6569f30442e7f25d7a592663', '6569f30442e7f25d7a592669']",45.833333333333336,0,0
"['6569f30442e7f25d7a592667', '6569f30442e7f25d7a592669', '6569f30442e7f25d7a592663']",45.833333333333336,0,0
"['6569f30442e7f25d7a592665', '6569f30442e7f25d7a592669', '6569f30442e7f25d7a592668']",45.833333333333336,0,0
['6569f30442e7f25d7a592664'],45.0,0,0
"['6569f30442e7f25d7a592667', '6569f30442e7f25d7a592664']",45.0,0,0
"['6569f30442e7f25d7a592665', '6569f30442e7f25d7a592668']",45.0,0,0
"['6569f30442e7f25d7a592663', '6569f30442e7f25d7a592664']",45.0,0,0
"['6569f30442e7f25d7a592664', '6569f30442e7f25d7a592663']",45.0,0,0
"['6569f30442e7f25d7a592667', '6569f30442e7f25d7a592664', '6569f30442e7f25d7a592663']",45.0,0,0
"['6569f30442e7f25d7a592663', '6569f30442e7f25d7a592664', '6569f30442e7f25d7a592663']",45.0,0,0
"['6569f30442e7f25d7a592666', '6569f30442e7f25d7a592665']",44.16666666666668,0,0
"['6569f30442e7f25d7a592666', '6569f30442e7f25d7a592663', '6569f30442e7f25d7a592665']",44.16666666666668,0,0
"['6569f30442e7f25d7a592666', '6569f30442e7f25d7a592665', '6569f30442e7f25d7a592663']",44.16666666666668,0,0
"['6569f30442e7f25d7a592669', '6569f30442e7f25d7a592666', '6569f30442e7f25d7a592666']",44.16666666666667,0,0
"['6569f30442e7f25d7a592664', '6569f30442e7f25d7a592669']",43.333333333333336,0,0
"['6569f30442e7f25d7a592667', '6569f30442e7f25d7a592669', '6569f30442e7f25d7a592664']",43.333333333333336,0,0
"['6569f30442e7f25d7a592664', '6569f30442e7f25d7a592663', '6569f30442e7f25d7a592669']",43.333333333333336,0,0
"['6569f30442e7f25d7a592664', '6569f30442e7f25d7a592669', '6569f30442e7f25d7a592663']",43.333333333333336,0,0
['6569f30442e7f25d7a592664'],42.5,0,0
"['6569f30442e7f25d7a592664', '6569f30442e7f25d7a592663']",42.5,0,0
"['6569f30442e7f25d7a592664', '6569f30442e7f25d7a592663']",42.5,0,0
"['6569f30442e7f25d7a592664', '6569f30442e7f25d7a592663', '6569f30442e7f25d7a592663']",42.5,0,0
"['6569f30442e7f25d7a592669', '6569f30442e7f25d7a592669']",40.833333333333336,0,0
"['6569f30442e7f25d7a592669', '6569f30442e7f25d7a592663', '6569f30442e7f25d7a592669']",40.833333333333336,0,0
"['6569f30442e7f25d7a592669', '6569f30442e7f25d7a592669', '6569f30442e7f25d7a592663']",40.833333333333336,0,0
['6569f30442e7f25d7a592669'],40.0,0,0
"['6569f30442e7f25d7a592669', '6569f30442e7f25d7a592663']",40.0,0,0
"['6569f30442e7f25d7a592669', '6569f30442e7f25d7a592663']",40.0,0,0
"['6569f30442e7f25d7a592669', '6569f30442e7f25d7a592663', '6569f30442e7f25d7a592663']",40.0,0,0
"['6569f30442e7f25d7a592669', '6569f30442e7f25d7a592667']",28.333333333333336,0,0
"['6569f30442e7f25d7a592663', '6569f30442e7f25d7a592669', '6569f30442e7f25d7a592667']",28.333333333333336,0,0
"['6569f30442e7f25d7a592669', '6569f30442e7f25d7a592667', '6569f30442e7f25d7a592663']",28.333333333333336,0,0
['6569f30442e7f25d7a592667'],27.5,0,0
"['6569f30442e7f25d7a592663', '6569f30442e7f25d7a592667']",27.5,0,0
"['6569f30442e7f25d7a592667', '6569f30442e7f25d7a592663']",27.5,0,0
"['6569f30442e7f25d7a592663', '6569f30442e7f25d7a592667', '6569f30442e7f25d7a592663']",27.5,0,0
['6569f30442e7f25d7a592666'],26.66666666666667,0,0
"['6569f30442e7f25d7a592669', '6569f30442e7f25d7a592666']",26.66666666666667,0,0
"['6569f30442e7f25d7a592663', '6569f30442e7f25d7a592666']",26.66666666666667,0,0
"['6569f30442e7f25d7a592666', '6569f30442e7f25d7a592663']",26.66666666666667,0,0
"['6569f30442e7f25d7a592669', '6569f30442e7f25d7a592663', '6569f30442e7f25d7a592666']",26.66666666666667,0,0
"['6569f30442e7f25d7a592663', '6569f30442e7f25d7a592666', '6569f30442e7f25d7a592663']",26.66666666666667,0,0
['6569f30442e7f25d7a592666'],24.16666666666667,0,0
"['6569f30442e7f25d7a592666', '6569f30442e7f25d7a592663']",24.16666666666667,0,0
"['6569f30442e7f25d7a592666', '6569f30442e7f25d7a592663']",24.16666666666667,0,0
"['6569f30442e7f25d7a592669', '6569f30442e7f25d7a592666']",24.16666666666667,0,0
"['6569f30442e7f25d7a592669', '6569f30442e7f25d7a592669', '6569f30442e7f25d7a592666']",24.16666666666667,0,0
"['6569f30442e7f25d7a592666', '6569f30442e7f25d7a592663', '6569f30442e7f25d7a592663']",24.16666666666667,0,0
"['6569f30442e7f25d7a592663', '6569f30442e7f25d7a592669', '6569f30442e7f25d7a592666']",24.16666666666667,0,0
"['6569f30442e7f25d7a592669', '6569f30442e7f25d7a592666', '6569f30442e7f25d7a592663']",24.16666666666667,0,0
['6569f30442e7f25d7a592665'],20.000000000000007,0,0
"['6569f30442e7f25d7a592663', '6569f30442e7f25d7a592665']",20.000000000000007,0,0
"['6569f30442e7f25d7a592665', '6569f30442e7f25d7a592663']",20.000000000000007,0,0
"['6569f30442e7f25d7a592663', '6569f30442e7f25d7a592665', '6569f30442e7f25d7a592663']",20.000000000000007,0,0
['6569f30442e7f25d7a592669'],0.8333333333333357,0,0
"['6569f30442e7f25d7a592663', '6569f30442e7f25d7a592669']",0.8333333333333357,0,0
"['6569f30442e7f25d7a592669', '6569f30442e7f25d7a592663']",0.8333333333333357,0,0
"['6569f30442e7f25d7a592663', '6569f30442e7f25d7a592669', '6569f30442e7f25d7a592663']",0.8333333333333357,0,0
['6569f30442e7f25d7a592663'],0.0,0,0
['6569f30442e7f25d7a592663'],0.0,0,0
"['6569f30442e7f25d7a592663', '6569f30442e7f25d7a592663']",0.0,0,0
